Workbook

Sheet 시작하기
B2: 사장님 경영 엑셀
B3: 《장사 말고 경영》 구매자 특전 · 빈 양식판입니다. 노란 칸에 우리 가게 숫자를 넣으세요.
B5: 칸 색깔 안내
C6: 사장님이 직접 적는 칸입니다. 파란 글씨 숫자는 예시이니 지우고 우리 가게 숫자를 넣으세요.
B7: 회색 칸 | C7: 자동으로 계산되는 칸입니다. 지우거나 고치지 마세요.
B8: 주황 칸 | C8: 가장 중요한 결과입니다.
B10: 시트 목록
B11: =HYPERLINK("#'1 매출기록'!A1","1 매출기록") -> 1 매출기록 | C11: 매일 매출·손님 수를 적으면 월 합계, 요일별 평균, 그래프가 자동으로 나옵니다. (책 1장)
B12: =HYPERLINK("#'2 손익분기점'!A1","2 손익분기점") -> 2 손익분기점 | C12: 고정비와 가격·원가를 넣으면 하루에 몇 개를 팔아야 하는지 알려 줍니다. (책 3장)
B13: =HYPERLINK("#'3 가격계산기'!A1","3 가격계산기") -> 3 가격계산기 | C13: 원가와 목표 원가율로 최소 가격, 배달 판매 시 남는 돈을 계산합니다. (책 5장)
B14: =HYPERLINK("#'4 상품네칸'!A1","4 상품네칸") -> 4 상품네칸 | C14: 상품별 판매 수와 남는 돈으로 효자·인기·숨은·정리 상품을 자동 분류합니다. (책 5장)
B15: =HYPERLINK("#'5 통장나누기'!A1","5 통장나누기") -> 5 통장나누기 | C15: 매출을 운영·세금·사장 월급·비상금 통장으로 얼마씩 옮길지 계산합니다. (책 6장)
B16: =HYPERLINK("#'6 현금흐름'!A1","6 현금흐름") -> 6 현금흐름 | C16: 앞으로 석 달 통장 잔고를 미리 보고, 모자라는 달을 알려 줍니다. (책 6장)
B17: =HYPERLINK("#'7 세금달력'!A1","7 세금달력") -> 7 세금달력 | C17: 1년 세금 일정과 세금 통장에 모은 돈을 확인합니다. (책 6장)
B18: =HYPERLINK("#'8 간편장부'!A1","8 간편장부") -> 8 간편장부 | C18: 들어온 돈·나간 돈을 적으면 월별·항목별로 자동 정리됩니다.
B19: =HYPERLINK("#'9 세금미리보기'!A1","9 세금미리보기") -> 9 세금미리보기 | C19: 간편장부 숫자로 부가세·종합소득세를 대략 미리 봅니다. (세금 통장 모으기용)
B21: 꼭 읽어 주세요
C22: • 이 파일의 계산은 경영 판단을 돕기 위한 참고용입니다. 실제 세금 신고는 홈택스 안내나 세무 전문가와 꼭 확인하세요.
C23: • 세율·신고 일정은 2026년 기준의 일반적인 예이며, 법이 바뀌면 달라질 수 있습니다.
C24: • 매출기록은 한 달에 시트 하나입니다. 시트 이름을 오른쪽 클릭 → '이동/복사' → '복사본 만들기'로 다음 달을 만드세요.
C25: • 처음에는 1번 매출기록 하나만 한 달 동안 꾸준히 써 보세요. 그것이 장사에서 경영으로 가는 첫걸음입니다.

Sheet 1 매출기록
A1: 매출 기록장
A2: 가게 문을 닫기 전 5분, 노란 칸만 채우세요. 첫 칸에 이달 1일 날짜를 넣으면 날짜가 자동으로 채워집니다.
A3: 이달 1일
A5: 날짜 | B5: 요일 | C5: 매출 | D5: 손님 수 | E5: 객단가 (손님 1명이 쓴 돈) | F5: 가장 많이 팔린 것 | G5: 오늘 있었던 일 한 줄 | I5: 이달 요약
A6: =IF(B3="","",B3) | B6: =IF(A6="","",CHOOSE(WEEKDAY(A6),"일","월","화","수","목","금","토")) | E6: =IF(OR(C6="",D6="",D6=0),"",C6/D6) | I6: 이달 매출 합계 | J6: =SUM(C6:C36) -> 0
A7: =IF(A6="","",IF(MONTH(A6+1)=MONTH($B$3),A6+1,"")) | B7: =IF(A7="","",CHOOSE(WEEKDAY(A7),"일","월","화","수","목","금","토")) | E7: =IF(OR(C7="",D7="",D7=0),"",C7/D7) | I7: 영업한 날 | J7: =COUNT(C6:C36) -> 0
A8: =IF(A7="","",IF(MONTH(A7+1)=MONTH($B$3),A7+1,"")) | B8: =IF(A8="","",CHOOSE(WEEKDAY(A8),"일","월","화","수","목","금","토")) | E8: =IF(OR(C8="",D8="",D8=0),"",C8/D8) | I8: 하루 평균 매출 | J8: =IFERROR(AVERAGE(C6:C36),0) -> 0
A9: =IF(A8="","",IF(MONTH(A8+1)=MONTH($B$3),A8+1,"")) | B9: =IF(A9="","",CHOOSE(WEEKDAY(A9),"일","월","화","수","목","금","토")) | E9: =IF(OR(C9="",D9="",D9=0),"",C9/D9) | I9: 이달 손님 수 | J9: =SUM(D6:D36) -> 0
A10: =IF(A9="","",IF(MONTH(A9+1)=MONTH($B$3),A9+1,"")) | B10: =IF(A10="","",CHOOSE(WEEKDAY(A10),"일","월","화","수","목","금","토")) | E10: =IF(OR(C10="",D10="",D10=0),"",C10/D10) | I10: 하루 평균 손님 | J10: =IFERROR(AVERAGE(D6:D36),0) -> 0
A11: =IF(A10="","",IF(MONTH(A10+1)=MONTH($B$3),A10+1,"")) | B11: =IF(A11="","",CHOOSE(WEEKDAY(A11),"일","월","화","수","목","금","토")) | E11: =IF(OR(C11="",D11="",D11=0),"",C11/D11) | I11: 평균 객단가 | J11: =IFERROR(J6/J9,0) -> 0
A12: =IF(A11="","",IF(MONTH(A11+1)=MONTH($B$3),A11+1,"")) | B12: =IF(A12="","",CHOOSE(WEEKDAY(A12),"일","월","화","수","목","금","토")) | E12: =IF(OR(C12="",D12="",D12=0),"",C12/D12)
A13: =IF(A12="","",IF(MONTH(A12+1)=MONTH($B$3),A12+1,"")) | B13: =IF(A13="","",CHOOSE(WEEKDAY(A13),"일","월","화","수","목","금","토")) | E13: =IF(OR(C13="",D13="",D13=0),"",C13/D13) | I13: 요일별 평균 매출
A14: =IF(A13="","",IF(MONTH(A13+1)=MONTH($B$3),A13+1,"")) | B14: =IF(A14="","",CHOOSE(WEEKDAY(A14),"일","월","화","수","목","금","토")) | E14: =IF(OR(C14="",D14="",D14=0),"",C14/D14) | I14: 요일 | J14: 평균 매출
A15: =IF(A14="","",IF(MONTH(A14+1)=MONTH($B$3),A14+1,"")) | B15: =IF(A15="","",CHOOSE(WEEKDAY(A15),"일","월","화","수","목","금","토")) | E15: =IF(OR(C15="",D15="",D15=0),"",C15/D15) | I15: 월 | J15: =IFERROR(AVERAGEIFS($C$6:$C$36,$B$6:$B$36,I15),0) -> 0
A16: =IF(A15="","",IF(MONTH(A15+1)=MONTH($B$3),A15+1,"")) | B16: =IF(A16="","",CHOOSE(WEEKDAY(A16),"일","월","화","수","목","금","토")) | E16: =IF(OR(C16="",D16="",D16=0),"",C16/D16) | I16: 화 | J16: =IFERROR(AVERAGEIFS($C$6:$C$36,$B$6:$B$36,I16),0) -> 0
A17: =IF(A16="","",IF(MONTH(A16+1)=MONTH($B$3),A16+1,"")) | B17: =IF(A17="","",CHOOSE(WEEKDAY(A17),"일","월","화","수","목","금","토")) | E17: =IF(OR(C17="",D17="",D17=0),"",C17/D17) | I17: 수 | J17: =IFERROR(AVERAGEIFS($C$6:$C$36,$B$6:$B$36,I17),0) -> 0
A18: =IF(A17="","",IF(MONTH(A17+1)=MONTH($B$3),A17+1,"")) | B18: =IF(A18="","",CHOOSE(WEEKDAY(A18),"일","월","화","수","목","금","토")) | E18: =IF(OR(C18="",D18="",D18=0),"",C18/D18) | I18: 목 | J18: =IFERROR(AVERAGEIFS($C$6:$C$36,$B$6:$B$36,I18),0) -> 0
A19: =IF(A18="","",IF(MONTH(A18+1)=MONTH($B$3),A18+1,"")) | B19: =IF(A19="","",CHOOSE(WEEKDAY(A19),"일","월","화","수","목","금","토")) | E19: =IF(OR(C19="",D19="",D19=0),"",C19/D19) | I19: 금 | J19: =IFERROR(AVERAGEIFS($C$6:$C$36,$B$6:$B$36,I19),0) -> 0
A20: =IF(A19="","",IF(MONTH(A19+1)=MONTH($B$3),A19+1,"")) | B20: =IF(A20="","",CHOOSE(WEEKDAY(A20),"일","월","화","수","목","금","토")) | E20: =IF(OR(C20="",D20="",D20=0),"",C20/D20) | I20: 토 | J20: =IFERROR(AVERAGEIFS($C$6:$C$36,$B$6:$B$36,I20),0) -> 0
A21: =IF(A20="","",IF(MONTH(A20+1)=MONTH($B$3),A20+1,"")) | B21: =IF(A21="","",CHOOSE(WEEKDAY(A21),"일","월","화","수","목","금","토")) | E21: =IF(OR(C21="",D21="",D21=0),"",C21/D21) | I21: 일 | J21: =IFERROR(AVERAGEIFS($C$6:$C$36,$B$6:$B$36,I21),0) -> 0
A22: =IF(A21="","",IF(MONTH(A21+1)=MONTH($B$3),A21+1,"")) | B22: =IF(A22="","",CHOOSE(WEEKDAY(A22),"일","월","화","수","목","금","토")) | E22: =IF(OR(C22="",D22="",D22=0),"",C22/D22) | I22: 가장 약한 요일이 보이면, 그 요일에 바꿀 것 하나를 정해 보세요.
A23: =IF(A22="","",IF(MONTH(A22+1)=MONTH($B$3),A22+1,"")) | B23: =IF(A23="","",CHOOSE(WEEKDAY(A23),"일","월","화","수","목","금","토")) | E23: =IF(OR(C23="",D23="",D23=0),"",C23/D23)
A24: =IF(A23="","",IF(MONTH(A23+1)=MONTH($B$3),A23+1,"")) | B24: =IF(A24="","",CHOOSE(WEEKDAY(A24),"일","월","화","수","목","금","토")) | E24: =IF(OR(C24="",D24="",D24=0),"",C24/D24)
A25: =IF(A24="","",IF(MONTH(A24+1)=MONTH($B$3),A24+1,"")) | B25: =IF(A25="","",CHOOSE(WEEKDAY(A25),"일","월","화","수","목","금","토")) | E25: =IF(OR(C25="",D25="",D25=0),"",C25/D25)
A26: =IF(A25="","",IF(MONTH(A25+1)=MONTH($B$3),A25+1,"")) | B26: =IF(A26="","",CHOOSE(WEEKDAY(A26),"일","월","화","수","목","금","토")) | E26: =IF(OR(C26="",D26="",D26=0),"",C26/D26)
A27: =IF(A26="","",IF(MONTH(A26+1)=MONTH($B$3),A26+1,"")) | B27: =IF(A27="","",CHOOSE(WEEKDAY(A27),"일","월","화","수","목","금","토")) | E27: =IF(OR(C27="",D27="",D27=0),"",C27/D27)
A28: =IF(A27="","",IF(MONTH(A27+1)=MONTH($B$3),A27+1,"")) | B28: =IF(A28="","",CHOOSE(WEEKDAY(A28),"일","월","화","수","목","금","토")) | E28: =IF(OR(C28="",D28="",D28=0),"",C28/D28)
A29: =IF(A28="","",IF(MONTH(A28+1)=MONTH($B$3),A28+1,"")) | B29: =IF(A29="","",CHOOSE(WEEKDAY(A29),"일","월","화","수","목","금","토")) | E29: =IF(OR(C29="",D29="",D29=0),"",C29/D29)
A30: =IF(A29="","",IF(MONTH(A29+1)=MONTH($B$3),A29+1,"")) | B30: =IF(A30="","",CHOOSE(WEEKDAY(A30),"일","월","화","수","목","금","토")) | E30: =IF(OR(C30="",D30="",D30=0),"",C30/D30)
A31: =IF(A30="","",IF(MONTH(A30+1)=MONTH($B$3),A30+1,"")) | B31: =IF(A31="","",CHOOSE(WEEKDAY(A31),"일","월","화","수","목","금","토")) | E31: =IF(OR(C31="",D31="",D31=0),"",C31/D31)
A32: =IF(A31="","",IF(MONTH(A31+1)=MONTH($B$3),A31+1,"")) | B32: =IF(A32="","",CHOOSE(WEEKDAY(A32),"일","월","화","수","목","금","토")) | E32: =IF(OR(C32="",D32="",D32=0),"",C32/D32)
A33: =IF(A32="","",IF(MONTH(A32+1)=MONTH($B$3),A32+1,"")) | B33: =IF(A33="","",CHOOSE(WEEKDAY(A33),"일","월","화","수","목","금","토")) | E33: =IF(OR(C33="",D33="",D33=0),"",C33/D33)
A34: =IF(A33="","",IF(MONTH(A33+1)=MONTH($B$3),A33+1,"")) | B34: =IF(A34="","",CHOOSE(WEEKDAY(A34),"일","월","화","수","목","금","토")) | E34: =IF(OR(C34="",D34="",D34=0),"",C34/D34)
... A36: =IF(A35="","",IF(MONTH(A35+1)=MONTH($B$3),A35+1,"")) | B36: =IF(A36="","",CHOOSE(WEEKDAY(A36),"일","월","화","수","목","금","토")) | E36: =IF(OR(C36="",D36="",D36=0),"",C36/D36)

Sheet 2 손익분기점
A1: 손익분기점 계산기
A2: 고정비와 가격·원가를 넣으면 하루에 몇 개를 팔아야 손해가 안 나는지 알려 줍니다. (예시: 책 3장의 동네 카페)
A4: ① 한 달 고정비 | B4: 금액 | D4: ③ 결과
A5: 월세 | D5: 하나 팔 때 남는 돈 (B) | E5: =B15-B16 -> 0
A6: 인건비 (직원·아르바이트) | D6: 원가율 | E6: =IFERROR(B16/B15,0) -> 0
A7: 관리비·전기·수도·통신 | D7: 한 달에 팔아야 할 수 (A ÷ B) | E7: =IFERROR(ROUNDUP(B12/E5,0),0) -> 0
A8: 소모품·보험·기타 | D8: 하루에 팔아야 할 수 | E8: =IFERROR(ROUNDUP(E7/B17,0),0) -> 0
A9: 대출 이자 | D9: 한 달 손익분기 매출 | E9: =E7*B15 -> 0
A10: 사장 월급 (최소한 가져갈 돈) | D10: 하루 손익분기 매출 | E10: =IFERROR(E9/B17,0) -> 0
A11: 기타
A12: 한 달 고정비 합계 (A) | B12: =SUM(B5:B11) -> 0 | D12: 하루에 이 수보다 많이 판 날은 이익, 적게 판 날은 손해입니다.
A14: ② 상품 하나(손님 1명) | B14: 금액 | D14: ④ 만약 가격을 바꾼다면?
A15: 평균 판매 가격 (손님 1명 평균) | D15: 가격 변화 | E15: 하루에 팔아야 할 수
A16: 하나 팔 때 드는 원가 (재료·포장) | D16: -1000 | E16: =IF(OR($B$15="",$B$17=""),"",IF(($B$15+D16)-$B$16<=0,"팔수록 손해",ROUNDUP(ROUNDUP($B$12/(($B$15+D16)-$B$16),0)/$B$17,0)))
A17: 한 달 영업일 수 | B17: 25 | D17: -500 | E17: =IF(OR($B$15="",$B$17=""),"",IF(($B$15+D17)-$B$16<=0,"팔수록 손해",ROUNDUP(ROUNDUP($B$12/(($B$15+D17)-$B$16),0)/$B$17,0)))
D18: 0 | E18: =IF(OR($B$15="",$B$17=""),"",IF(($B$15+D18)-$B$16<=0,"팔수록 손해",ROUNDUP(ROUNDUP($B$12/(($B$15+D18)-$B$16),0)/$B$17,0)))
D19: 500 | E19: =IF(OR($B$15="",$B$17=""),"",IF(($B$15+D19)-$B$16<=0,"팔수록 손해",ROUNDUP(ROUNDUP($B$12/(($B$15+D19)-$B$16),0)/$B$17,0)))
D20: 1000 | E20: =IF(OR($B$15="",$B$17=""),"",IF(($B$15+D20)-$B$16<=0,"팔수록 손해",ROUNDUP(ROUNDUP($B$12/(($B$15+D20)-$B$16),0)/$B$17,0)))
D21: 가격을 올리면 덜 팔아도 되지만, 손님이 줄지 않을지 함께 판단하세요.

Sheet 3 가격계산기
A1: 가격 계산기
A2: 원가를 넣으면 최소 가격과 지금 가격의 원가율, 배달로 팔 때 남는 돈을 계산합니다. (책 5장 '바닥 가격')
A4: 상품명 | B4: 재료비 | C4: 포장·기타 원가 | D4: 원가 합계 | E4: 목표 원가율 | F4: 최소 가격 (원가÷목표 원가율) | G4: 지금 가격 | H4: 지금 원가율 | I4: 매장 1개당 남는 돈 | J4: 배달 수수료율 | K4: 배달 1개당 남는 돈 | L4: 판단
D5: =IF(A5="","",B5+C5) | F5: =IF(OR(A5="",E5="",E5=0),"",ROUNDUP(D5/E5,-2)) | H5: =IF(OR(A5="",G5="",G5=0),"",D5/G5) | I5: =IF(OR(A5="",G5=""),"",G5-D5) | K5: =IF(OR(A5="",G5=""),"",G5*(1-J5)-D5) | L5: =IF(OR(A5="",G5="",F5=""),"",IF(G5<F5,"가격 점검 필요",IF(K5<=0,"배달은 손해","괜찮음")))
D6: =IF(A6="","",B6+C6) | F6: =IF(OR(A6="",E6="",E6=0),"",ROUNDUP(D6/E6,-2)) | H6: =IF(OR(A6="",G6="",G6=0),"",D6/G6) | I6: =IF(OR(A6="",G6=""),"",G6-D6) | K6: =IF(OR(A6="",G6=""),"",G6*(1-J6)-D6) | L6: =IF(OR(A6="",G6="",F6=""),"",IF(G6<F6,"가격 점검 필요",IF(K6<=0,"배달은 손해","괜찮음")))
D7: =IF(A7="","",B7+C7) | F7: =IF(OR(A7="",E7="",E7=0),"",ROUNDUP(D7/E7,-2)) | H7: =IF(OR(A7="",G7="",G7=0),"",D7/G7) | I7: =IF(OR(A7="",G7=""),"",G7-D7) | K7: =IF(OR(A7="",G7=""),"",G7*(1-J7)-D7) | L7: =IF(OR(A7="",G7="",F7=""),"",IF(G7<F7,"가격 점검 필요",IF(K7<=0,"배달은 손해","괜찮음")))
D8: =IF(A8="","",B8+C8) | F8: =IF(OR(A8="",E8="",E8=0),"",ROUNDUP(D8/E8,-2)) | H8: =IF(OR(A8="",G8="",G8=0),"",D8/G8) | I8: =IF(OR(A8="",G8=""),"",G8-D8) | K8: =IF(OR(A8="",G8=""),"",G8*(1-J8)-D8) | L8: =IF(OR(A8="",G8="",F8=""),"",IF(G8<F8,"가격 점검 필요",IF(K8<=0,"배달은 손해","괜찮음")))
D9: =IF(A9="","",B9+C9) | F9: =IF(OR(A9="",E9="",E9=0),"",ROUNDUP(D9/E9,-2)) | H9: =IF(OR(A9="",G9="",G9=0),"",D9/G9) | I9: =IF(OR(A9="",G9=""),"",G9-D9) | K9: =IF(OR(A9="",G9=""),"",G9*(1-J9)-D9) | L9: =IF(OR(A9="",G9="",F9=""),"",IF(G9<F9,"가격 점검 필요",IF(K9<=0,"배달은 손해","괜찮음")))
D10: =IF(A10="","",B10+C10) | F10: =IF(OR(A10="",E10="",E10=0),"",ROUNDUP(D10/E10,-2)) | H10: =IF(OR(A10="",G10="",G10=0),"",D10/G10) | I10: =IF(OR(A10="",G10=""),"",G10-D10) | K10: =IF(OR(A10="",G10=""),"",G10*(1-J10)-D10) | L10: =IF(OR(A10="",G10="",F10=""),"",IF(G10<F10,"가격 점검 필요",IF(K10<=0,"배달은 손해","괜찮음")))
D11: =IF(A11="","",B11+C11) | F11: =IF(OR(A11="",E11="",E11=0),"",ROUNDUP(D11/E11,-2)) | H11: =IF(OR(A11="",G11="",G11=0),"",D11/G11) | I11: =IF(OR(A11="",G11=""),"",G11-D11) | K11: =IF(OR(A11="",G11=""),"",G11*(1-J11)-D11) | L11: =IF(OR(A11="",G11="",F11=""),"",IF(G11<F11,"가격 점검 필요",IF(K11<=0,"배달은 손해","괜찮음")))
D12: =IF(A12="","",B12+C12) | F12: =IF(OR(A12="",E12="",E12=0),"",ROUNDUP(D12/E12,-2)) | H12: =IF(OR(A12="",G12="",G12=0),"",D12/G12) | I12: =IF(OR(A12="",G12=""),"",G12-D12) | K12: =IF(OR(A12="",G12=""),"",G12*(1-J12)-D12) | L12: =IF(OR(A12="",G12="",F12=""),"",IF(G12<F12,"가격 점검 필요",IF(K12<=0,"배달은 손해","괜찮음")))
D13: =IF(A13="","",B13+C13) | F13: =IF(OR(A13="",E13="",E13=0),"",ROUNDUP(D13/E13,-2)) | H13: =IF(OR(A13="",G13="",G13=0),"",D13/G13) | I13: =IF(OR(A13="",G13=""),"",G13-D13) | K13: =IF(OR(A13="",G13=""),"",G13*(1-J13)-D13) | L13: =IF(OR(A13="",G13="",F13=""),"",IF(G13<F13,"가격 점검 필요",IF(K13<=0,"배달은 손해","괜찮음")))
D14: =IF(A14="","",B14+C14) | F14: =IF(OR(A14="",E14="",E14=0),"",ROUNDUP(D14/E14,-2)) | H14: =IF(OR(A14="",G14="",G14=0),"",D14/G14) | I14: =IF(OR(A14="",G14=""),"",G14-D14) | K14: =IF(OR(A14="",G14=""),"",G14*(1-J14)-D14) | L14: =IF(OR(A14="",G14="",F14=""),"",IF(G14<F14,"가격 점검 필요",IF(K14<=0,"배달은 손해","괜찮음")))
D15: =IF(A15="","",B15+C15) | F15: =IF(OR(A15="",E15="",E15=0),"",ROUNDUP(D15/E15,-2)) | H15: =IF(OR(A15="",G15="",G15=0),"",D15/G15) | I15: =IF(OR(A15="",G15=""),"",G15-D15) | K15: =IF(OR(A15="",G15=""),"",G15*(1-J15)-D15) | L15: =IF(OR(A15="",G15="",F15=""),"",IF(G15<F15,"가격 점검 필요",IF(K15<=0,"배달은 손해","괜찮음")))
D16: =IF(A16="","",B16+C16) | F16: =IF(OR(A16="",E16="",E16=0),"",ROUNDUP(D16/E16,-2)) | H16: =IF(OR(A16="",G16="",G16=0),"",D16/G16) | I16: =IF(OR(A16="",G16=""),"",G16-D16) | K16: =IF(OR(A16="",G16=""),"",G16*(1-J16)-D16) | L16: =IF(OR(A16="",G16="",F16=""),"",IF(G16<F16,"가격 점검 필요",IF(K16<=0,"배달은 손해","괜찮음")))
... D24: =IF(A24="","",B24+C24) | F24: =IF(OR(A24="",E24="",E24=0),"",ROUNDUP(D24/E24,-2)) | H24: =IF(OR(A24="",G24="",G24=0),"",D24/G24) | I24: =IF(OR(A24="",G24=""),"",G24-D24) | K24: =IF(OR(A24="",G24=""),"",G24*(1-J24)-D24) | L24: =IF(OR(A24="",G24="",F24=""),"",IF(G24<F24,"가격 점검 필요",IF(K24<=0,"배달은 손해","괜찮음")))
A26: • 목표 원가율: 가게 전체 원가율을 이 비율 안으로 지키고 싶다는 뜻입니다. 음식점·카페는 보통 25~35% 사이에서 정합니다(가게마다 다름).
A27: • 최소 가격은 100원 단위로 올림했습니다. 실제 가격은 주변 가격과 손님이 느끼는 가치(천장)를 함께 보고 정하세요.
A28: • 카드 수수료가 크다면 '포장·기타 원가'에 한 개당 카드 수수료 금액을 더해 넣으세요.

Sheet 4 상품네칸
A1: 상품 네 칸 분석
A2: 상품별 한 달 판매 수와 1개당 남는 돈을 넣으면, 평균을 기준으로 네 칸 중 어디인지 자동으로 나눠 줍니다.
A4: 상품명 | B4: 한 달 판매 수 | C4: 1개당 남는 돈 | D4: 총 남는 돈 | E4: 분류 | F4: 할 일 | H4: 나누는 기준 (평균)
D5: =IF(OR(A5="",B5="",C5=""),"",B5*C5) | E5: =IF(D5="","",IF(B5>=$I$5,IF(C5>=$I$6,"① 효자 상품","② 인기 상품"),IF(C5>=$I$6,"③ 숨은 상품","④ 정리 대상"))) | F5: =IF(E5="","",CHOOSE(VALUE(MID("1234",FIND(LEFT(E5,1),"①②③④"),1)),"앞에 내세우고 지킨다","원가를 줄이거나 가격을 조정한다","더 잘 보이게 알린다","빼거나 바꾼다")) | H5: 평균 판매 수 | I5: =IFERROR(AVERAGE(B5:B34),0) -> 0
D6: =IF(OR(A6="",B6="",C6=""),"",B6*C6) | E6: =IF(D6="","",IF(B6>=$I$5,IF(C6>=$I$6,"① 효자 상품","② 인기 상품"),IF(C6>=$I$6,"③ 숨은 상품","④ 정리 대상"))) | F6: =IF(E6="","",CHOOSE(VALUE(MID("1234",FIND(LEFT(E6,1),"①②③④"),1)),"앞에 내세우고 지킨다","원가를 줄이거나 가격을 조정한다","더 잘 보이게 알린다","빼거나 바꾼다")) | H6: 평균 1개당 남는 돈 | I6: =IFERROR(AVERAGE(C5:C34),0) -> 0
D7: =IF(OR(A7="",B7="",C7=""),"",B7*C7) | E7: =IF(D7="","",IF(B7>=$I$5,IF(C7>=$I$6,"① 효자 상품","② 인기 상품"),IF(C7>=$I$6,"③ 숨은 상품","④ 정리 대상"))) | F7: =IF(E7="","",CHOOSE(VALUE(MID("1234",FIND(LEFT(E7,1),"①②③④"),1)),"앞에 내세우고 지킨다","원가를 줄이거나 가격을 조정한다","더 잘 보이게 알린다","빼거나 바꾼다"))
D8: =IF(OR(A8="",B8="",C8=""),"",B8*C8) | E8: =IF(D8="","",IF(B8>=$I$5,IF(C8>=$I$6,"① 효자 상품","② 인기 상품"),IF(C8>=$I$6,"③ 숨은 상품","④ 정리 대상"))) | F8: =IF(E8="","",CHOOSE(VALUE(MID("1234",FIND(LEFT(E8,1),"①②③④"),1)),"앞에 내세우고 지킨다","원가를 줄이거나 가격을 조정한다","더 잘 보이게 알린다","빼거나 바꾼다")) | H8: 칸별 상품 수
D9: =IF(OR(A9="",B9="",C9=""),"",B9*C9) | E9: =IF(D9="","",IF(B9>=$I$5,IF(C9>=$I$6,"① 효자 상품","② 인기 상품"),IF(C9>=$I$6,"③ 숨은 상품","④ 정리 대상"))) | F9: =IF(E9="","",CHOOSE(VALUE(MID("1234",FIND(LEFT(E9,1),"①②③④"),1)),"앞에 내세우고 지킨다","원가를 줄이거나 가격을 조정한다","더 잘 보이게 알린다","빼거나 바꾼다")) | H9: ① 효자 상품 | I9: =COUNTIF($E$5:$E$34,H9) -> 0
D10: =IF(OR(A10="",B10="",C10=""),"",B10*C10) | E10: =IF(D10="","",IF(B10>=$I$5,IF(C10>=$I$6,"① 효자 상품","② 인기 상품"),IF(C10>=$I$6,"③ 숨은 상품","④ 정리 대상"))) | F10: =IF(E10="","",CHOOSE(VALUE(MID("1234",FIND(LEFT(E10,1),"①②③④"),1)),"앞에 내세우고 지킨다","원가를 줄이거나 가격을 조정한다","더 잘 보이게 알린다","빼거나 바꾼다")) | H10: ② 인기 상품 | I10: =COUNTIF($E$5:$E$34,H10) -> 0
D11: =IF(OR(A11="",B11="",C11=""),"",B11*C11) | E11: =IF(D11="","",IF(B11>=$I$5,IF(C11>=$I$6,"① 효자 상품","② 인기 상품"),IF(C11>=$I$6,"③ 숨은 상품","④ 정리 대상"))) | F11: =IF(E11="","",CHOOSE(VALUE(MID("1234",FIND(LEFT(E11,1),"①②③④"),1)),"앞에 내세우고 지킨다","원가를 줄이거나 가격을 조정한다","더 잘 보이게 알린다","빼거나 바꾼다")) | H11: ③ 숨은 상품 | I11: =COUNTIF($E$5:$E$34,H11) -> 0
D12: =IF(OR(A12="",B12="",C12=""),"",B12*C12) | E12: =IF(D12="","",IF(B12>=$I$5,IF(C12>=$I$6,"① 효자 상품","② 인기 상품"),IF(C12>=$I$6,"③ 숨은 상품","④ 정리 대상"))) | F12: =IF(E12="","",CHOOSE(VALUE(MID("1234",FIND(LEFT(E12,1),"①②③④"),1)),"앞에 내세우고 지킨다","원가를 줄이거나 가격을 조정한다","더 잘 보이게 알린다","빼거나 바꾼다")) | H12: ④ 정리 대상 | I12: =COUNTIF($E$5:$E$34,H12) -> 0
D13: =IF(OR(A13="",B13="",C13=""),"",B13*C13) | E13: =IF(D13="","",IF(B13>=$I$5,IF(C13>=$I$6,"① 효자 상품","② 인기 상품"),IF(C13>=$I$6,"③ 숨은 상품","④ 정리 대상"))) | F13: =IF(E13="","",CHOOSE(VALUE(MID("1234",FIND(LEFT(E13,1),"①②③④"),1)),"앞에 내세우고 지킨다","원가를 줄이거나 가격을 조정한다","더 잘 보이게 알린다","빼거나 바꾼다"))
D14: =IF(OR(A14="",B14="",C14=""),"",B14*C14) | E14: =IF(D14="","",IF(B14>=$I$5,IF(C14>=$I$6,"① 효자 상품","② 인기 상품"),IF(C14>=$I$6,"③ 숨은 상품","④ 정리 대상"))) | F14: =IF(E14="","",CHOOSE(VALUE(MID("1234",FIND(LEFT(E14,1),"①②③④"),1)),"앞에 내세우고 지킨다","원가를 줄이거나 가격을 조정한다","더 잘 보이게 알린다","빼거나 바꾼다")) | H14: 판매 기록(1번 시트나 포스기)에서 한 달 판매 수를 옮겨 적으세요.
D15: =IF(OR(A15="",B15="",C15=""),"",B15*C15) | E15: =IF(D15="","",IF(B15>=$I$5,IF(C15>=$I$6,"① 효자 상품","② 인기 상품"),IF(C15>=$I$6,"③ 숨은 상품","④ 정리 대상"))) | F15: =IF(E15="","",CHOOSE(VALUE(MID("1234",FIND(LEFT(E15,1),"①②③④"),1)),"앞에 내세우고 지킨다","원가를 줄이거나 가격을 조정한다","더 잘 보이게 알린다","빼거나 바꾼다"))
D16: =IF(OR(A16="",B16="",C16=""),"",B16*C16) | E16: =IF(D16="","",IF(B16>=$I$5,IF(C16>=$I$6,"① 효자 상품","② 인기 상품"),IF(C16>=$I$6,"③ 숨은 상품","④ 정리 대상"))) | F16: =IF(E16="","",CHOOSE(VALUE(MID("1234",FIND(LEFT(E16,1),"①②③④"),1)),"앞에 내세우고 지킨다","원가를 줄이거나 가격을 조정한다","더 잘 보이게 알린다","빼거나 바꾼다"))
D17: =IF(OR(A17="",B17="",C17=""),"",B17*C17) | E17: =IF(D17="","",IF(B17>=$I$5,IF(C17>=$I$6,"① 효자 상품","② 인기 상품"),IF(C17>=$I$6,"③ 숨은 상품","④ 정리 대상"))) | F17: =IF(E17="","",CHOOSE(VALUE(MID("1234",FIND(LEFT(E17,1),"①②③④"),1)),"앞에 내세우고 지킨다","원가를 줄이거나 가격을 조정한다","더 잘 보이게 알린다","빼거나 바꾼다"))
D18: =IF(OR(A18="",B18="",C18=""),"",B18*C18) | E18: =IF(D18="","",IF(B18>=$I$5,IF(C18>=$I$6,"① 효자 상품","② 인기 상품"),IF(C18>=$I$6,"③ 숨은 상품","④ 정리 대상"))) | F18: =IF(E18="","",CHOOSE(VALUE(MID("1234",FIND(LEFT(E18,1),"①②③④"),1)),"앞에 내세우고 지킨다","원가를 줄이거나 가격을 조정한다","더 잘 보이게 알린다","빼거나 바꾼다"))
D19: =IF(OR(A19="",B19="",C19=""),"",B19*C19) | E19: =IF(D19="","",IF(B19>=$I$5,IF(C19>=$I$6,"① 효자 상품","② 인기 상품"),IF(C19>=$I$6,"③ 숨은 상품","④ 정리 대상"))) | F19: =IF(E19="","",CHOOSE(VALUE(MID("1234",FIND(LEFT(E19,1),"①②③④"),1)),"앞에 내세우고 지킨다","원가를 줄이거나 가격을 조정한다","더 잘 보이게 알린다","빼거나 바꾼다"))
D20: =IF(OR(A20="",B20="",C20=""),"",B20*C20) | E20: =IF(D20="","",IF(B20>=$I$5,IF(C20>=$I$6,"① 효자 상품","② 인기 상품"),IF(C20>=$I$6,"③ 숨은 상품","④ 정리 대상"))) | F20: =IF(E20="","",CHOOSE(VALUE(MID("1234",FIND(LEFT(E20,1),"①②③④"),1)),"앞에 내세우고 지킨다","원가를 줄이거나 가격을 조정한다","더 잘 보이게 알린다","빼거나 바꾼다"))
D21: =IF(OR(A21="",B21="",C21=""),"",B21*C21) | E21: =IF(D21="","",IF(B21>=$I$5,IF(C21>=$I$6,"① 효자 상품","② 인기 상품"),IF(C21>=$I$6,"③ 숨은 상품","④ 정리 대상"))) | F21: =IF(E21="","",CHOOSE(VALUE(MID("1234",FIND(LEFT(E21,1),"①②③④"),1)),"앞에 내세우고 지킨다","원가를 줄이거나 가격을 조정한다","더 잘 보이게 알린다","빼거나 바꾼다"))
D22: =IF(OR(A22="",B22="",C22=""),"",B22*C22) | E22: =IF(D22="","",IF(B22>=$I$5,IF(C22>=$I$6,"① 효자 상품","② 인기 상품"),IF(C22>=$I$6,"③ 숨은 상품","④ 정리 대상"))) | F22: =IF(E22="","",CHOOSE(VALUE(MID("1234",FIND(LEFT(E22,1),"①②③④"),1)),"앞에 내세우고 지킨다","원가를 줄이거나 가격을 조정한다","더 잘 보이게 알린다","빼거나 바꾼다"))
D23: =IF(OR(A23="",B23="",C23=""),"",B23*C23) | E23: =IF(D23="","",IF(B23>=$I$5,IF(C23>=$I$6,"① 효자 상품","② 인기 상품"),IF(C23>=$I$6,"③ 숨은 상품","④ 정리 대상"))) | F23: =IF(E23="","",CHOOSE(VALUE(MID("1234",FIND(LEFT(E23,1),"①②③④"),1)),"앞에 내세우고 지킨다","원가를 줄이거나 가격을 조정한다","더 잘 보이게 알린다","빼거나 바꾼다"))
D24: =IF(OR(A24="",B24="",C24=""),"",B24*C24) | E24: =IF(D24="","",IF(B24>=$I$5,IF(C24>=$I$6,"① 효자 상품","② 인기 상품"),IF(C24>=$I$6,"③ 숨은 상품","④ 정리 대상"))) | F24: =IF(E24="","",CHOOSE(VALUE(MID("1234",FIND(LEFT(E24,1),"①②③④"),1)),"앞에 내세우고 지킨다","원가를 줄이거나 가격을 조정한다","더 잘 보이게 알린다","빼거나 바꾼다"))
D25: =IF(OR(A25="",B25="",C25=""),"",B25*C25) | E25: =IF(D25="","",IF(B25>=$I$5,IF(C25>=$I$6,"① 효자 상품","② 인기 상품"),IF(C25>=$I$6,"③ 숨은 상품","④ 정리 대상"))) | F25: =IF(E25="","",CHOOSE(VALUE(MID("1234",FIND(LEFT(E25,1),"①②③④"),1)),"앞에 내세우고 지킨다","원가를 줄이거나 가격을 조정한다","더 잘 보이게 알린다","빼거나 바꾼다"))
D26: =IF(OR(A26="",B26="",C26=""),"",B26*C26) | E26: =IF(D26="","",IF(B26>=$I$5,IF(C26>=$I$6,"① 효자 상품","② 인기 상품"),IF(C26>=$I$6,"③ 숨은 상품","④ 정리 대상"))) | F26: =IF(E26="","",CHOOSE(VALUE(MID("1234",FIND(LEFT(E26,1),"①②③④"),1)),"앞에 내세우고 지킨다","원가를 줄이거나 가격을 조정한다","더 잘 보이게 알린다","빼거나 바꾼다"))
... D34: =IF(OR(A34="",B34="",C34=""),"",B34*C34) | E34: =IF(D34="","",IF(B34>=$I$5,IF(C34>=$I$6,"① 효자 상품","② 인기 상품"),IF(C34>=$I$6,"③ 숨은 상품","④ 정리 대상"))) | F34: =IF(E34="","",CHOOSE(VALUE(MID("1234",FIND(LEFT(E34,1),"①②③④"),1)),"앞에 내세우고 지킨다","원가를 줄이거나 가격을 조정한다","더 잘 보이게 알린다","빼거나 바꾼다"))

Sheet 5 통장나누기
A1: 통장 나누기 계산
A2: 이번 달 매출 통장에 들어온 돈을 넣으면, 통장마다 얼마씩 옮길지 계산합니다. 비율은 가게에 맞게 바꾸세요.
A4: 이번 달 매출 통장에 들어온 돈
A6: 통장 | B6: 정한 비율·금액 | C6: 이번 달 옮길 돈 | D6: 하는 일
A7: 세금 통장 | B7: 0.1 | C7: =B4*B7 -> 0 | D7: 부가세·종합소득세를 미리 모아 둠 (손대지 않기)
A8: 사장 월급 통장 | C8: =B8 -> 0 | D8: 매달 정한 금액만 같은 날 옮김
A9: 비상금 통장 | B9: 0.03 | C9: =B4*B9 -> 0 | D9: 어려운 달을 버틸 돈 (꼭 필요할 때만)
A10: 운영 통장 (나머지) | B10: 자동 | C10: =B4-C7-C8-C9 -> 0 | D10: 재료비·월세·월급·공과금
A12: 운영비로 쓸 수 있는 돈의 비율 | C12: =IFERROR(C10/B4,0) -> 0 | D12: =IF(B4="","",IF(C10<0,"⚠ 운영비가 모자랍니다. 비율이나 사장 월급을 다시 보세요.",""))
A14: • 세금 통장 비율은 업종과 규모에 따라 다릅니다. 9번 '세금미리보기'로 대략 계산해 보고, 세무 전문가와 상의해 정하세요.
A15: • 처음부터 다섯 개가 부담스러우면 가게 통장·개인 통장·세금 통장, 세 개만이라도 나누세요. (책 6장)

Sheet 6 현금흐름
A1: 석 달 현금 흐름표
A2: 앞으로 석 달 동안 들어올 돈과 나갈 돈을 적으면, 월말 잔고가 모자라는 달을 미리 알려 줍니다.
A4: 항목 | B4: 이번 달 | C4: 다음 달 | D4: 다다음 달
A5: 달 이름 (직접 적기)
A6: 월초 통장 잔고 | C6: =B10 -> 0 | D6: =C10 -> 0
A7: 들어올 돈 (매출 정산, 외상 회수 등)
A8: 나갈 돈 (재료비, 월세, 월급, 공과금)
A9: 큰 지출 (세금, 대출 원금, 장비, 보험)
A10: 월말 예상 잔고 | B10: =B6+B7-B8-B9 -> 0 | C10: =C6+C7-C8-C9 -> 0 | D10: =D6+D7-D8-D9 -> 0
A11: 판단 | B11: =IF(AND(B7="",B8=""),"",IF(B10<0,"⚠ 부족",IF(B10<B8*0.3,"주의","괜찮음"))) | C11: =IF(AND(C7="",C8=""),"",IF(C10<0,"⚠ 부족",IF(C10<C8*0.3,"주의","괜찮음"))) | D11: =IF(AND(D7="",D8=""),"",IF(D10<0,"⚠ 부족",IF(D10<D8*0.3,"주의","괜찮음")))
A13: • '주의'는 월말 잔고가 한 달 나갈 돈의 30%보다 적을 때입니다. 미리 재료 주문을 조절하거나 외상 회수를 서두르세요.
A14: • 이익이 나도 통장이 비는 이유는 늦게 들어오는 돈, 먼저 나가는 돈, 한꺼번에 나가는 세금 때문입니다. (책 6장)

Sheet 7 세금달력
A1: 세금 달력과 세금 통장
A2: 개인사업자에게 흔한 일정입니다. 끝낸 일은 '완료' 칸에 ○를 적으세요. 정확한 날짜와 대상은 해마다 홈택스에서 확인하세요.
A4: 달 | B4: 세금 | C4: 내용 | D4: 대상 | E4: 완료
A5: 1월 | B5: 부가가치세 | C5: 지난해 하반기분 확정 신고·납부 (간이과세자는 1년분) | D5: 부가세 사업자
A6: 2월 | B6: 사업장현황신고 | C6: 지난해 수입 신고 | D6: 면세사업자
A7: 4월 | B7: 부가가치세 | C7: 상반기 예정 고지·신고 | D7: 대상자
A8: 5월 | B8: 종합소득세 | C8: 지난해 1년 소득 신고·납부 | D8: 개인사업자 모두
A9: 7월 | B9: 부가가치세 | C9: 올해 상반기분 확정 신고·납부 | D9: 일반과세자
A10: 10월 | B10: 부가가치세 | C10: 하반기 예정 고지·신고 | D10: 대상자
A11: 11월 | B11: 종합소득세 중간예납 | C11: 올해 소득세 일부 미리 납부 (고지) | D11: 대상자
A12: 매달 | B12: 원천세·4대 보험 | C12: 직원 급여에서 뗀 세금·보험료 신고·납부 | D12: 직원이 있는 경우
A15: 세금 통장 모으기
A16: 달 | B16: 그달 매출 | C16: 모을 비율 | D16: 모아야 할 돈 | E16: 실제로 옮긴 돈 | F16: 누적 모은 돈 | G16: 차이
A17: 1월 | C17: 0.1 | D17: =IF(B17="","",B17*C17) | F17: =SUM($E$17:E17) -> 0 | G17: =IF(B17="","",E17-D17)
A18: 2월 | C18: 0.1 | D18: =IF(B18="","",B18*C18) | F18: =SUM($E$17:E18) -> 0 | G18: =IF(B18="","",E18-D18)
A19: 3월 | C19: 0.1 | D19: =IF(B19="","",B19*C19) | F19: =SUM($E$17:E19) -> 0 | G19: =IF(B19="","",E19-D19)
A20: 4월 | C20: 0.1 | D20: =IF(B20="","",B20*C20) | F20: =SUM($E$17:E20) -> 0 | G20: =IF(B20="","",E20-D20)
A21: 5월 | C21: 0.1 | D21: =IF(B21="","",B21*C21) | F21: =SUM($E$17:E21) -> 0 | G21: =IF(B21="","",E21-D21)
A22: 6월 | C22: 0.1 | D22: =IF(B22="","",B22*C22) | F22: =SUM($E$17:E22) -> 0 | G22: =IF(B22="","",E22-D22)
A23: 7월 | C23: 0.1 | D23: =IF(B23="","",B23*C23) | F23: =SUM($E$17:E23) -> 0 | G23: =IF(B23="","",E23-D23)
A24: 8월 | C24: 0.1 | D24: =IF(B24="","",B24*C24) | F24: =SUM($E$17:E24) -> 0 | G24: =IF(B24="","",E24-D24)
A25: 9월 | C25: 0.1 | D25: =IF(B25="","",B25*C25) | F25: =SUM($E$17:E25) -> 0 | G25: =IF(B25="","",E25-D25)
A26: 10월 | C26: 0.1 | D26: =IF(B26="","",B26*C26) | F26: =SUM($E$17:E26) -> 0 | G26: =IF(B26="","",E26-D26)
A27: 11월 | C27: 0.1 | D27: =IF(B27="","",B27*C27) | F27: =SUM($E$17:E27) -> 0 | G27: =IF(B27="","",E27-D27)
A28: 12월 | C28: 0.1 | D28: =IF(B28="","",B28*C28) | F28: =SUM($E$17:E28) -> 0 | G28: =IF(B28="","",E28-D28)
A29: 합계 | B29: =SUM(B17:B28) -> 0 | D29: =SUM(D17:D28) -> 0 | E29: =SUM(E17:E28) -> 0
A31: • '차이'가 빨간색이면 그달에 덜 모은 것입니다. 세금 고지서가 오기 전에 채워 두세요.

Sheet 8 간편장부
A1: 간편장부
A2: 들어온 돈과 나간 돈을 한 줄씩 적으세요. 구분·항목·증빙은 목록에서 선택합니다. 오른쪽 표가 월별·항목별로 자동 정리됩니다.
A3: 장부 연도 | B3: 2026
I4: 월별 정리 | N4: 항목별 정리 (1년)
A5: 날짜 | B5: 구분 | C5: 항목 | D5: 내용 | E5: 금액 | F5: 증빙 | G5: 메모 | I5: 달 | J5: 들어온 돈 | K5: 나간 돈 | L5: 남은 돈 | N5: 항목 | O5: 금액 | P5: 비중 | Z5: 항목목록
I6: 1월 | J6: =SUMIFS($E$6:$E$505,$B$6:$B$505,"수입",$A$6:$A$505,">="&DATE($B$3,1,1),$A$6:$A$505,"<"&DATE($B$3,1+1,1)) -> 0 | K6: =SUMIFS($E$6:$E$505,$B$6:$B$505,"비용",$A$6:$A$505,">="&DATE($B$3,1,1),$A$6:$A$505,"<"&DATE($B$3,1+1,1)) -> 0 | L6: =J6-K6 -> 0 | N6: 매출 | O6: =SUMIFS($E$6:$E$505,$C$6:$C$505,N6,$A$6:$A$505,">="&DATE($B$3,1,1),$A$6:$A$505,"<"&DATE($B$3+1,1,1)) -> 0 | P6: =IFERROR(O6/$J$18,0) -> 0 | Z6: 매출
I7: 2월 | J7: =SUMIFS($E$6:$E$505,$B$6:$B$505,"수입",$A$6:$A$505,">="&DATE($B$3,2,1),$A$6:$A$505,"<"&DATE($B$3,2+1,1)) -> 0 | K7: =SUMIFS($E$6:$E$505,$B$6:$B$505,"비용",$A$6:$A$505,">="&DATE($B$3,2,1),$A$6:$A$505,"<"&DATE($B$3,2+1,1)) -> 0 | L7: =J7-K7 -> 0 | N7: 기타 수입 | O7: =SUMIFS($E$6:$E$505,$C$6:$C$505,N7,$A$6:$A$505,">="&DATE($B$3,1,1),$A$6:$A$505,"<"&DATE($B$3+1,1,1)) -> 0 | P7: =IFERROR(O7/$J$18,0) -> 0 | Z7: 기타 수입
I8: 3월 | J8: =SUMIFS($E$6:$E$505,$B$6:$B$505,"수입",$A$6:$A$505,">="&DATE($B$3,3,1),$A$6:$A$505,"<"&DATE($B$3,3+1,1)) -> 0 | K8: =SUMIFS($E$6:$E$505,$B$6:$B$505,"비용",$A$6:$A$505,">="&DATE($B$3,3,1),$A$6:$A$505,"<"&DATE($B$3,3+1,1)) -> 0 | L8: =J8-K8 -> 0 | N8: 재료비·상품 | O8: =SUMIFS($E$6:$E$505,$C$6:$C$505,N8,$A$6:$A$505,">="&DATE($B$3,1,1),$A$6:$A$505,"<"&DATE($B$3+1,1,1)) -> 0 | P8: =IFERROR(O8/$K$18,0) -> 0 | Z8: 재료비·상품
I9: 4월 | J9: =SUMIFS($E$6:$E$505,$B$6:$B$505,"수입",$A$6:$A$505,">="&DATE($B$3,4,1),$A$6:$A$505,"<"&DATE($B$3,4+1,1)) -> 0 | K9: =SUMIFS($E$6:$E$505,$B$6:$B$505,"비용",$A$6:$A$505,">="&DATE($B$3,4,1),$A$6:$A$505,"<"&DATE($B$3,4+1,1)) -> 0 | L9: =J9-K9 -> 0 | N9: 인건비 | O9: =SUMIFS($E$6:$E$505,$C$6:$C$505,N9,$A$6:$A$505,">="&DATE($B$3,1,1),$A$6:$A$505,"<"&DATE($B$3+1,1,1)) -> 0 | P9: =IFERROR(O9/$K$18,0) -> 0 | Z9: 인건비
I10: 5월 | J10: =SUMIFS($E$6:$E$505,$B$6:$B$505,"수입",$A$6:$A$505,">="&DATE($B$3,5,1),$A$6:$A$505,"<"&DATE($B$3,5+1,1)) -> 0 | K10: =SUMIFS($E$6:$E$505,$B$6:$B$505,"비용",$A$6:$A$505,">="&DATE($B$3,5,1),$A$6:$A$505,"<"&DATE($B$3,5+1,1)) -> 0 | L10: =J10-K10 -> 0 | N10: 임차료 | O10: =SUMIFS($E$6:$E$505,$C$6:$C$505,N10,$A$6:$A$505,">="&DATE($B$3,1,1),$A$6:$A$505,"<"&DATE($B$3+1,1,1)) -> 0 | P10: =IFERROR(O10/$K$18,0) -> 0 | Z10: 임차료
I11: 6월 | J11: =SUMIFS($E$6:$E$505,$B$6:$B$505,"수입",$A$6:$A$505,">="&DATE($B$3,6,1),$A$6:$A$505,"<"&DATE($B$3,6+1,1)) -> 0 | K11: =SUMIFS($E$6:$E$505,$B$6:$B$505,"비용",$A$6:$A$505,">="&DATE($B$3,6,1),$A$6:$A$505,"<"&DATE($B$3,6+1,1)) -> 0 | L11: =J11-K11 -> 0 | N11: 공과금 | O11: =SUMIFS($E$6:$E$505,$C$6:$C$505,N11,$A$6:$A$505,">="&DATE($B$3,1,1),$A$6:$A$505,"<"&DATE($B$3+1,1,1)) -> 0 | P11: =IFERROR(O11/$K$18,0) -> 0 | Z11: 공과금
I12: 7월 | J12: =SUMIFS($E$6:$E$505,$B$6:$B$505,"수입",$A$6:$A$505,">="&DATE($B$3,7,1),$A$6:$A$505,"<"&DATE($B$3,7+1,1)) -> 0 | K12: =SUMIFS($E$6:$E$505,$B$6:$B$505,"비용",$A$6:$A$505,">="&DATE($B$3,7,1),$A$6:$A$505,"<"&DATE($B$3,7+1,1)) -> 0 | L12: =J12-K12 -> 0 | N12: 소모품 | O12: =SUMIFS($E$6:$E$505,$C$6:$C$505,N12,$A$6:$A$505,">="&DATE($B$3,1,1),$A$6:$A$505,"<"&DATE($B$3+1,1,1)) -> 0 | P12: =IFERROR(O12/$K$18,0) -> 0 | Z12: 소모품
I13: 8월 | J13: =SUMIFS($E$6:$E$505,$B$6:$B$505,"수입",$A$6:$A$505,">="&DATE($B$3,8,1),$A$6:$A$505,"<"&DATE($B$3,8+1,1)) -> 0 | K13: =SUMIFS($E$6:$E$505,$B$6:$B$505,"비용",$A$6:$A$505,">="&DATE($B$3,8,1),$A$6:$A$505,"<"&DATE($B$3,8+1,1)) -> 0 | L13: =J13-K13 -> 0 | N13: 광고비 | O13: =SUMIFS($E$6:$E$505,$C$6:$C$505,N13,$A$6:$A$505,">="&DATE($B$3,1,1),$A$6:$A$505,"<"&DATE($B$3+1,1,1)) -> 0 | P13: =IFERROR(O13/$K$18,0) -> 0 | Z13: 광고비
I14: 9월 | J14: =SUMIFS($E$6:$E$505,$B$6:$B$505,"수입",$A$6:$A$505,">="&DATE($B$3,9,1),$A$6:$A$505,"<"&DATE($B$3,9+1,1)) -> 0 | K14: =SUMIFS($E$6:$E$505,$B$6:$B$505,"비용",$A$6:$A$505,">="&DATE($B$3,9,1),$A$6:$A$505,"<"&DATE($B$3,9+1,1)) -> 0 | L14: =J14-K14 -> 0 | N14: 수수료 | O14: =SUMIFS($E$6:$E$505,$C$6:$C$505,N14,$A$6:$A$505,">="&DATE($B$3,1,1),$A$6:$A$505,"<"&DATE($B$3+1,1,1)) -> 0 | P14: =IFERROR(O14/$K$18,0) -> 0 | Z14: 수수료
I15: 10월 | J15: =SUMIFS($E$6:$E$505,$B$6:$B$505,"수입",$A$6:$A$505,">="&DATE($B$3,10,1),$A$6:$A$505,"<"&DATE($B$3,10+1,1)) -> 0 | K15: =SUMIFS($E$6:$E$505,$B$6:$B$505,"비용",$A$6:$A$505,">="&DATE($B$3,10,1),$A$6:$A$505,"<"&DATE($B$3,10+1,1)) -> 0 | L15: =J15-K15 -> 0 | N15: 보험료 | O15: =SUMIFS($E$6:$E$505,$C$6:$C$505,N15,$A$6:$A$505,">="&DATE($B$3,1,1),$A$6:$A$505,"<"&DATE($B$3+1,1,1)) -> 0 | P15: =IFERROR(O15/$K$18,0) -> 0 | Z15: 보험료
I16: 11월 | J16: =SUMIFS($E$6:$E$505,$B$6:$B$505,"수입",$A$6:$A$505,">="&DATE($B$3,11,1),$A$6:$A$505,"<"&DATE($B$3,11+1,1)) -> 0 | K16: =SUMIFS($E$6:$E$505,$B$6:$B$505,"비용",$A$6:$A$505,">="&DATE($B$3,11,1),$A$6:$A$505,"<"&DATE($B$3,11+1,1)) -> 0 | L16: =J16-K16 -> 0 | N16: 차량·교통 | O16: =SUMIFS($E$6:$E$505,$C$6:$C$505,N16,$A$6:$A$505,">="&DATE($B$3,1,1),$A$6:$A$505,"<"&DATE($B$3+1,1,1)) -> 0 | P16: =IFERROR(O16/$K$18,0) -> 0 | Z16: 차량·교통
I17: 12월 | J17: =SUMIFS($E$6:$E$505,$B$6:$B$505,"수입",$A$6:$A$505,">="&DATE($B$3,12,1),$A$6:$A$505,"<"&DATE($B$3,12+1,1)) -> 0 | K17: =SUMIFS($E$6:$E$505,$B$6:$B$505,"비용",$A$6:$A$505,">="&DATE($B$3,12,1),$A$6:$A$505,"<"&DATE($B$3,12+1,1)) -> 0 | L17: =J17-K17 -> 0 | N17: 수리비 | O17: =SUMIFS($E$6:$E$505,$C$6:$C$505,N17,$A$6:$A$505,">="&DATE($B$3,1,1),$A$6:$A$505,"<"&DATE($B$3+1,1,1)) -> 0 | P17: =IFERROR(O17/$K$18,0) -> 0 | Z17: 수리비
I18: 1년 | J18: =SUM(J6:J17) -> 0 | K18: =SUM(K6:K17) -> 0 | L18: =SUM(L6:L17) -> 0 | N18: 기타 비용 | O18: =SUMIFS($E$6:$E$505,$C$6:$C$505,N18,$A$6:$A$505,">="&DATE($B$3,1,1),$A$6:$A$505,"<"&DATE($B$3+1,1,1)) -> 0 | P18: =IFERROR(O18/$K$18,0) -> 0 | Z18: 기타 비용
N20: 증빙 없는 비용 | O20: =SUMIFS($E$6:$E$505,$B$6:$B$505,"비용",$F$6:$F$505,"없음") -> 0
N21: 증빙이 없으면 경비로 인정받기 어렵습니다. 카드·현금영수증을 챙기세요.

Sheet 9 세금미리보기
A1: 세금 미리보기 (대략)
A2: 간편장부 1년 숫자로 세금을 '대략' 미리 봅니다. 세금 통장에 얼마를 모을지 정하는 용도이며, 실제 신고 금액과 다릅니다.
A4: ① 부가가치세 (일반과세자, 가격에 부가세 포함 기준)
A5: 1년 매출 (간편장부) | B5: ='8 간편장부'!J18 -> 0
A6: 증빙 있는 비용 (세금계산서·카드·현금영수증) | B6: =SUMIFS('8 간편장부'!$E$6:$E$505,'8 간편장부'!$B$6:$B$505,"비용",'8 간편장부'!$F$6:$F$505,"세금계산서")+SUMIFS('8 간편장부'!$E$6:$E$505,'8 간편장부'!$B$6:$B$505,"비용",'8 간편장부'!$F$6:$F$505,"카드")+SUMIFS('8 간편장부'!$E$6:$E$505,'8 간편장부'!$B$6:$B$505,"비용",'8 간편장부'!$F$6:$F$505,"현금영수증") -> 0
A7: 그중 부가세 공제가 안 되는 비용 (인건비·보험료 등) | B7: =SUMIFS('8 간편장부'!$E$6:$E$505,'8 간편장부'!$C$6:$C$505,"인건비")+SUMIFS('8 간편장부'!$E$6:$E$505,'8 간편장부'!$C$6:$C$505,"보험료") -> 0
A8: 1년 부가세 대략 = (매출 − 공제되는 비용) ÷ 11 | B8: =MAX(0,(B5-(B6-B7))/11) -> 0
A9: 간이과세자·면세사업자는 계산 방식이 다릅니다. 이 값은 일반과세자 기준 어림값입니다.
A11: ② 종합소득세 (개인사업자) | D11: 종합소득세 세율표 (2026년 기준)
A12: 1년 들어온 돈 (간편장부) | B12: ='8 간편장부'!J18 -> 0 | D12: 과세표준 (이상) | E12: 세율 | F12: 누진공제
A13: 1년 나간 돈 (간편장부) | B13: ='8 간편장부'!K18 -> 0 | D13: 0 | E13: 0.06 | F13: 0
A14: 소득금액 = 들어온 돈 − 나간 돈 | B14: =MAX(0,B12-B13) -> 0 | D14: 14000000 | E14: 0.15 | F14: 1260000
A15: 소득공제 (본인 기본공제 150만 원 + 그 밖의 공제, 직접 적기) | B15: 1500000 | D15: 50000000 | E15: 0.24 | F15: 5760000
A16: 과세표준 | B16: =MAX(0,B14-B15) -> 0 | D16: 88000000 | E16: 0.35 | F16: 15440000
A17: 종합소득세 대략 (세율표 적용) | B17: =IFERROR(B16*INDEX($E$13:$E$20,MATCH(B16,$D$13:$D$20,1))-INDEX($F$13:$F$20,MATCH(B16,$D$13:$D$20,1)),0) -> 0 | D17: 150000000 | E17: 0.38 | F17: 19940000
A18: 지방소득세 (종합소득세의 10%) | B18: =B17*0.1 -> 0 | D18: 300000000 | E18: 0.4 | F18: 25940000
A19: 내야 할 세금 대략 (합계) | B19: =B17+B18 -> 0 | D19: 500000000 | E19: 0.42 | F19: 35940000
D20: 1000000000 | E20: 0.45 | F20: 65940000
A21: ③ 그래서 세금 통장에는 | D21: 출처: 소득세법 제55조 세율 (2023년 귀속분부터 적용, 2026년 기준표 확인)
A22: 1년에 모아야 할 돈 대략 (부가세 + 소득세) | B22: =B8+B19 -> 0
A23: 한 달에 모으면 좋은 돈 | B23: =B22/12 -> 0
A24: 매출 대비 비율 (5번 통장나누기 '세금 통장' 비율 참고) | B24: =IFERROR(B22/B5,0) -> 0
A26: 꼭 읽어 주세요
A27: • 이 계산은 세금 통장에 얼마를 모을지 정하기 위한 어림값입니다. 실제 신고 금액과 다릅니다.
A28: • 실제 세금은 업종별 경비율, 각종 공제·감면, 가산세, 중간예납 등에 따라 달라집니다.
A29: • 신고는 홈택스(hometax.go.kr) 안내를 따르거나 세무 전문가와 상의하세요. 법인은 이 표를 쓰지 말고 세무사와 상의하세요.
